interaction_name_2,direction,prob.NonT2D.DropSeq,prob.T2D.DropSeq,diff_prob_DropSeq,diff_prob.T2D_minus_NonT2D,diff_prob_plot
RBP4 - STRA6,Decreased in T2D,0.171681886,0.154332289,0.017349597,-0.017349597,-0.017349597
PROC - (PROCR+F2R),Decreased in T2D,0.103486032,0.09436957,0.009116462,-0.009116462,-0.009116462
EDN3 - EDNRA,Decreased in T2D,0.18518887,0.176334196,0.008854675,-0.008854674,-0.008854674
TGFB1 - (ACVR1+TGFBR1),Increased in T2D,0.100334568,0.105303772,-0.004969204,0.004969204,0.004969204
DLK1 - NOTCH2,Increased in T2D,0.165359912,0.177653171,-0.012293259,0.012293259,0.012293259
GAS6 - AXL,Increased in T2D,0.088996334,0.102453729,-0.013457395,0.013457395,0.013457395
SPP1 - (ITGAV+ITGB5),Increased in T2D,0.173138102,0.193675733,-0.020537632,0.020537631,0.020537631
SPP1 - (ITGA5+ITGB1),Increased in T2D,0.215025924,0.243200024,-0.0281741,0.0281741,0.0281741