"CellType","KS_Test_p_value","D_value"
"Beta",4.14666889559173e-08,0.708333333333333
"Alpha",0.00185957519623997,0.458333333333333
"Delta",0.00644603624889004,0.416666666666667
"PP",0.0155818001505842,0.404545454545455
"PSC",0.000466789556057763,0.5
"Endothelial",0.0137843620876004,0.392649903288201
"Duct",0.0815212891839924,0.3125
"Acinar",0.00168071127860121,0.462534690101758
