interaction_name_2,direction,prob.NonT2D.DropSeq,prob.T2D.DropSeq,diff_prob_DropSeq,diff_prob.T2D_minus_NonT2D,diff_prob_plot
EFNA3 - EPHA8,Decreased in T2D,0.074554222,0.069265964,0.005288257,-0.005288258,-0.005288258
RA-ALDH1A3 - (RARA+CRABP2),Decreased in T2D,0.111850972,0.1071139,0.004737073,-0.004737072,-0.004737072
RA-ALDH1A3 - (RXRA+CRABP2),Decreased in T2D,0.114799055,0.110830935,0.00396812,-0.00396812,-0.00396812
COL6A3 - CD44,Increased in T2D,0.167335141,0.178808083,-0.011472941,0.011472942,0.011472942
LAMA2 - SV2B,Increased in T2D,0.084246866,0.099557576,-0.01531071,0.01531071,0.01531071
THBS1 - CD47,Increased in T2D,0.173563168,0.189979929,-0.016416762,0.016416761,0.016416761
THBS2 - CD47,Increased in T2D,0.193714814,0.212610126,-0.018895312,0.018895312,0.018895312
IGFBP3 - TMEM219,Increased in T2D,0.241942333,0.267097123,-0.02515479,0.02515479,0.02515479